id,theme,status,title,description,hashtags,script,audio_file,video_file,error,updated_at
001,朝の集中力を上げる習慣,DONE,朝の集中力が上がる7つの習慣,朝の集中力を上げる習慣を短くまとめました。※この動画の音声はAI音声です。,#朝活 #集中力 #習慣化 #生産性 #ルーティン #仕事術 #勉強法 #タイムマネジメント,"朝の10分で、今日の集中力は決まる。
起床後すぐ、コップ1杯の水
カーテン全開。太陽光2分
スマホは触らない。まず深呼吸3回
最重要タスクを1つだけ決める
5分だけ着手。小さく始める
机の上、3つだけ残す
カフェインは起床90分後に
耳栓か無音で、朝の雑音カット
終わったらチェック。達成感の固定
最後に、次の一手をメモ
明日の朝、1つだけ試してみて。",/home/runner/work/gpt-automation/gpt-automation/out/20260101_001/audio.mp3,/home/runner/work/gpt-automation/gpt-automation/out/20260101_001/video.mp4,,2026-01-01T13:53:23
002,スマホ整理で時間を作る,DONE,スマホ整理で毎日10分の自由時間を作る,スマホ整理で時間を作るコツを60秒で。※本動画はAI音声を使用しています。,#スマホ整理 #時短術 #デジタル断捨離 #通知オフ #生産性 #習慣化 #片付け #集中力 #時間管理,"スマホの中を整えるだけで、今日から時間が増えます。
まず、通知を切る
不要アプリ、即削除
ホーム画面は1ページだけ
よく使う3つだけ固定
写真は「今日」だけ残す
同じスクショはまとめて削除
SNSはフォルダ奥に封印
検索欄に置くのはToDoだけ
1日1回、30秒メンテ
週末に5分、全体見直し
スマホが静かになるほど、あなたの時間が戻ります。",/home/runner/work/gpt-automation/gpt-automation/out/20260102_002/audio.mp3,/home/runner/work/gpt-automation/gpt-automation/out/20260102_002/video.mp4,,2026-01-02T00:21:12
003,1分でできる姿勢改善,TODO,,,,,,,,
